"name","tld","cca2","independent","idd","languages","flag","callingCodes"
"Aruba,Aruba,Aruba,Aruba,Aruba,Aruba",".aw","AW","","+2,97","Dutch,Papiamento","ğŸ‡¦ğŸ‡¼","+297"
"Afghanistan,Islamic Republic of Afghanistan,Ø¬Ù…Ù‡ÙˆØ±ÛŒ Ø§Ø³Ù„Ø§Ù…ÛŒ Ø§ÙØºØ§Ù†Ø³ØªØ§Ù†,Ø§ÙØºØ§Ù†Ø³ØªØ§Ù†,Ø¯ Ø§ÙØºØ§Ù†Ø³ØªØ§Ù† Ø§Ø³Ù„Ø§Ù…ÙŠ Ø¬Ù…Ù‡ÙˆØ±ÛŒØª,Ø§ÙØºØ§Ù†Ø³ØªØ§Ù†,Owganystan Yslam Respublikasy,Owganystan",".af","AF","1","+9,3","Dari,Pashto,Turkmen","ğŸ‡¦ğŸ‡«","+93"
"Angola,Republic of Angola,RepÃºblica de Angola,Angola",".ao","AO","1","+2,44","Portuguese","ğŸ‡¦ğŸ‡´","+244"
"Anguilla,Anguilla,Anguilla,Anguilla",".ai","AI","","+1,264","English","ğŸ‡¦ğŸ‡®","+1264"
"Ã…land Islands,Ã…land Islands,Landskapet Ã…land,Ã…land",".ax","AX","","+3,5818","Swedish","ğŸ‡¦ğŸ‡½","+35818"
"Albania,Republic of Albania,Republika e ShqipÃ«risÃ«,ShqipÃ«ria",".al","AL","1","+3,55","Albanian","ğŸ‡¦ğŸ‡±","+355"
"Andorra,Principality of Andorra,Principat d'Andorra,Andorra",".ad","AD","1","+3,76","Catalan","ğŸ‡¦ğŸ‡©","+376"
"United Arab Emirates,United Arab Emirates,Ø§Ù„Ø¥Ù…Ø§Ø±Ø§Øª Ø§Ù„Ø¹Ø±Ø¨ÙŠØ© Ø§Ù„Ù…ØªØ­Ø¯Ø©,Ø¯ÙˆÙ„Ø© Ø§Ù„Ø¥Ù…Ø§Ø±Ø§Øª Ø§Ù„Ø¹Ø±Ø¨ÙŠØ© Ø§Ù„Ù…ØªØ­Ø¯Ø©",".ae,Ø§Ù…Ø§Ø±Ø§Øª.","AE","1","+9,71","Arabic","ğŸ‡¦ğŸ‡ª","+971"
"Argentina,Argentine Republic,Argentine Republic,Argentina,RepÃºblica Argentina,Argentina",".ar","AR","1","+5,4","GuaranÃ­,Spanish","ğŸ‡¦ğŸ‡·","+54"
"Armenia,Republic of Armenia,Õ€Õ¡ÕµÕ¡Õ½Õ¿Õ¡Õ¶Õ« Õ€Õ¡Õ¶Ö€Õ¡ÕºÕ¥Õ¿Õ¸Ö‚Õ©ÕµÕ¸Ö‚Õ¶,Õ€Õ¡ÕµÕ¡Õ½Õ¿Õ¡Õ¶",".am","AM","1","+3,74","Armenian","ğŸ‡¦ğŸ‡²","+374"
"American Samoa,American Samoa,American Samoa,American Samoa,SÄmoa Amelika,SÄmoa Amelika",".as","AS","","+1,684","English,Samoan","ğŸ‡¦ğŸ‡¸","+1684"
"Antarctica,Antarctica,",".aq","AQ","","","","ğŸ‡¦ğŸ‡¶",""
"French Southern and Antarctic Lands,Territory of the French Southern and Antarctic Lands,Territoire des Terres australes et antarctiques franÃ§aises,Terres australes et antarctiques franÃ§aises",".tf","TF","","+2,62","French","ğŸ‡¹ğŸ‡«","+262"
"Antigua and Barbuda,Antigua and Barbuda,Antigua and Barbuda,Antigua and Barbuda",".ag","AG","1","+1,268","English","ğŸ‡¦ğŸ‡¬","+1268"
"Australia,Commonwealth of Australia,Commonwealth of Australia,Australia",".au","AU","1","+6,1","English","ğŸ‡¦ğŸ‡º","+61"
"Austria,Republic of Austria,Republik Ã–sterreich,Ã–sterreich",".at","AT","1","+4,3","Austro-Bavarian German","ğŸ‡¦ğŸ‡¹","+43"
"Azerbaijan,Republic of Azerbaijan,AzÉ™rbaycan RespublikasÄ±,AzÉ™rbaycan,ĞĞ·ĞµÑ€Ğ±Ğ°Ğ¹Ğ´Ğ¶Ğ°Ğ½ÑĞºĞ°Ñ Ğ ĞµÑĞ¿ÑƒĞ±Ğ»Ğ¸ĞºĞ°,ĞĞ·ĞµÑ€Ğ±Ğ°Ğ¹Ğ´Ğ¶Ğ°Ğ½",".az","AZ","1","+9,94","Azerbaijani,Russian","ğŸ‡¦ğŸ‡¿","+994"
"Burundi,Republic of Burundi,RÃ©publique du Burundi,Burundi,Republika y'Uburundi ,Uburundi",".bi","BI","1","+2,57","French,Kirundi","ğŸ‡§ğŸ‡®","+257"
"Belgium,Kingdom of Belgium,KÃ¶nigreich Belgien,Belgien,Royaume de Belgique,Belgique,Koninkrijk BelgiÃ«,BelgiÃ«",".be","BE","1","+3,2","German,French,Dutch","ğŸ‡§ğŸ‡ª","+32"
"Benin,Republic of Benin,RÃ©publique du BÃ©nin,BÃ©nin",".bj","BJ","1","+2,29","French","ğŸ‡§ğŸ‡¯","+229"
"Burkina Faso,Burkina Faso,RÃ©publique du Burkina,Burkina Faso",".bf","BF","1","+2,26","French","ğŸ‡§ğŸ‡«","+226"
"Bangladesh,People's Republic of Bangladesh,à¦¬à¦¾à¦‚à¦²à¦¾à¦¦à§‡à¦¶ à¦—à¦£à¦ªà§à¦°à¦œà¦¾à¦¤à¦¨à§à¦¤à§à¦°à§€,à¦¬à¦¾à¦‚à¦²à¦¾à¦¦à§‡à¦¶",".bd","BD","1","+8,80","Bengali","ğŸ‡§ğŸ‡©","+880"
"Bulgaria,Republic of Bulgaria,Ğ ĞµĞ¿ÑƒĞ±Ğ»Ğ¸ĞºĞ° Ğ‘ÑŠĞ»Ğ³Ğ°Ñ€Ğ¸Ñ,Ğ‘ÑŠĞ»Ğ³Ğ°Ñ€Ğ¸Ñ",".bg","BG","1","+3,59","Bulgarian","ğŸ‡§ğŸ‡¬","+359"
"Bahrain,Kingdom of Bahrain,Ù…Ù…Ù„ÙƒØ© Ø§Ù„Ø¨Ø­Ø±ÙŠÙ†,â€Ø§Ù„Ø¨Ø­Ø±ÙŠÙ†",".bh","BH","1","+9,73","Arabic","ğŸ‡§ğŸ‡­","+973"
"Bahamas,Commonwealth of the Bahamas,Commonwealth of the Bahamas,Bahamas",".bs","BS","1","+1,242","English","ğŸ‡§ğŸ‡¸","+1242"
"Bosnia and Herzegovina,Bosnia and Herzegovina,Bosna i Hercegovina,Bosna i Hercegovina,Bosna i Hercegovina,Bosna i Hercegovina,Ğ‘Ğ¾ÑĞ½a Ğ¸ Ğ¥ĞµÑ€Ñ†ĞµĞ³Ğ¾Ğ²Ğ¸Ğ½Ğ°,Ğ‘Ğ¾ÑĞ½a Ğ¸ Ğ¥ĞµÑ€Ñ†ĞµĞ³Ğ¾Ğ²Ğ¸Ğ½Ğ°",".ba","BA","1","+3,87","Bosnian,Croatian,Serbian","ğŸ‡§ğŸ‡¦","+387"
"Saint BarthÃ©lemy,Collectivity of Saint BarthÃ©lemy,CollectivitÃ© de Saint-BarthÃ©lemy,Saint-BarthÃ©lemy",".bl","BL","","+5,90","French","ğŸ‡§ğŸ‡±","+590"
"Saint Helena, Ascension and Tristan da Cunha,Saint Helena, Ascension and Tristan da Cunha,Saint Helena, Ascension and Tristan da Cunha,Saint Helena, Ascension and Tristan da Cunha",".sh,.ac","SH","","+2,90,47","English","ğŸ‡¸ğŸ‡­","+290,+247"
"Belarus,Republic of Belarus,Ğ ÑÑĞ¿ÑƒĞ±Ğ»Ñ–ĞºĞ° Ğ‘ĞµĞ»Ğ°Ñ€ÑƒÑÑŒ,Ğ‘ĞµĞ»Ğ°Ñ€ÑƒÌÑÑŒ,Ğ ĞµÑĞ¿ÑƒĞ±Ğ»Ğ¸ĞºĞ° Ğ‘ĞµĞ»Ğ°Ñ€ÑƒÑÑŒ,Ğ‘ĞµĞ»Ğ°Ñ€ÑƒÑÑŒ",".by","BY","1","+3,75","Belarusian,Russian","ğŸ‡§ğŸ‡¾","+375"
"Belize,Belize,Belize,Belize,Belize,Belize,Belice,Belice",".bz","BZ","1","+5,01","Belizean Creole,English,Spanish","ğŸ‡§ğŸ‡¿","+501"
"Bermuda,Bermuda,Bermuda,Bermuda",".bm","BM","","+1,441","English","ğŸ‡§ğŸ‡²","+1441"
"Bolivia,Plurinational State of Bolivia,Wuliwya Suyu,Wuliwya,TetÃ£ VolÃ­via,VolÃ­via,Buliwya Mamallaqta,Buliwya,Estado Plurinacional de Bolivia,Bolivia",".bo","BO","1","+5,91","Aymara,GuaranÃ­,Quechua,Spanish","ğŸ‡§ğŸ‡´","+591"
"Caribbean Netherlands,Bonaire, Sint Eustatius and Saba,Bonaire, Sint Eustatius en Saba,Caribisch Nederland,Boneiru, Sint Eustatius y Saba,Boneiru, Sint Eustatius y Saba",".bq,.nl","BQ","","+5,99","English,Dutch,Papiamento","","+599"
"Brazil,Federative Republic of Brazil,RepÃºblica Federativa do Brasil,Brasil",".br","BR","1","+5,5","Portuguese","ğŸ‡§ğŸ‡·","+55"
"Barbados,Barbados,Barbados,Barbados",".bb","BB","1","+1,246","English","ğŸ‡§ğŸ‡§","+1246"
"Brunei,Nation of Brunei, Abode of Peace,Nation of Brunei, Abode Damai,Negara Brunei Darussalam",".bn","BN","1","+6,73","Malay","ğŸ‡§ğŸ‡³","+673"
"Bhutan,Kingdom of Bhutan,à½ à½–à¾²à½´à½‚à¼‹à½¢à¾’à¾±à½£à¼‹à½à½–à¼‹,à½ à½–à¾²à½´à½‚à¼‹à½¡à½´à½£à¼‹",".bt","BT","1","+9,75","Dzongkha","ğŸ‡§ğŸ‡¹","+975"
"Bouvet Island,Bouvet Island,BouvetÃ¸ya,BouvetÃ¸ya",".bv","BV","","+4,7","Norwegian","ğŸ‡§ğŸ‡»","+47"
"Botswana,Republic of Botswana,Republic of Botswana,Botswana,Lefatshe la Botswana,Botswana",".bw","BW","1","+2,67","English,Tswana","ğŸ‡§ğŸ‡¼","+267"
"Central African Republic,Central African Republic,RÃ©publique centrafricaine,RÃ©publique centrafricaine,KÃ¶dÃ¶rÃ¶sÃªse tÃ® BÃªafrÃ®ka,BÃªafrÃ®ka",".cf","CF","1","+2,36","French,Sango","ğŸ‡¨ğŸ‡«","+236"
"Canada,Canada,Canada,Canada,Canada,Canada",".ca","CA","1","+1,204,226,236,249,250,263,289,306,343,354,365,367,368,382,387,403,416,418,428,431,437,438,450,468,474,506,514,519,548,579,581,584,587,600,604,613,622,633,639,644,647,655,672,677,683,688,705,709,742,753,778,780,782,782,807,819,825,867,867,867,873,879,902,902,905,942","English,French","ğŸ‡¨ğŸ‡¦","+1204,+1226,+1236,+1249,+1250,+1263,+1289,+1306,+1343,+1354,+1365,+1367,+1368,+1382,+1387,+1403,+1416,+1418,+1428,+1431,+1437,+1438,+1450,+1468,+1474,+1506,+1514,+1519,+1548,+1579,+1581,+1584,+1587,+1600,+1604,+1613,+1622,+1633,+1639,+1644,+1647,+1655,+1672,+1677,+1683,+1688,+1705,+1709,+1742,+1753,+1778,+1780,+1782,+1782,+1807,+1819,+1825,+1867,+1867,+1867,+1873,+1879,+1902,+1902,+1905,+1942"
"Cocos (Keeling) Islands,Territory of the Cocos (Keeling) Islands,Territory of the Cocos (Keeling) Islands,Cocos (Keeling) Islands",".cc","CC","","+6,1","English","ğŸ‡¨ğŸ‡¨","+61"
"Switzerland,Swiss Confederation,ConfÃ©dÃ©ration suisse,Suisse,Schweizerische Eidgenossenschaft,Schweiz,Confederazione Svizzera,Svizzera,Confederaziun svizra,Svizra",".ch","CH","1","+4,1","French,Swiss German,Italian,Romansh","ğŸ‡¨ğŸ‡­","+41"
"Chile,Republic of Chile,RepÃºblica de Chile,Chile",".cl","CL","1","+5,6","Spanish","ğŸ‡¨ğŸ‡±","+56"
"China,People's Republic of China,ä¸­åäººæ°‘å…±å’Œå›½,ä¸­å›½",".cn,.ä¸­å›½,.ä¸­åœ‹,.å…¬å¸,.ç½‘ç»œ","CN","1","+8,6","Chinese","ğŸ‡¨ğŸ‡³","+86"
"Ivory Coast,Republic of CÃ´te d'Ivoire,RÃ©publique de CÃ´te d'Ivoire,CÃ´te d'Ivoire",".ci","CI","1","+2,25","French","ğŸ‡¨ğŸ‡®","+225"
"Cameroon,Republic of Cameroon,Republic of Cameroon,Cameroon,RÃ©publique du Cameroun,Cameroun",".cm","CM","1","+2,37","English,French","ğŸ‡¨ğŸ‡²","+237"
"DR Congo,Democratic Republic of the Congo,RÃ©publique dÃ©mocratique du Congo,RD Congo,Repubilika ya Kongo Demokratiki,Repubilika ya Kongo Demokratiki,Republiki ya KongÃ³ Demokratiki,Republiki ya KongÃ³ Demokratiki,Ditunga dia Kongu wa Mungalaata,Ditunga dia Kongu wa Mungalaata,Jamhuri ya Kidemokrasia ya Kongo,Jamhuri ya Kidemokrasia ya Kongo",".cd","CD","1","+2,43","French,Kikongo,Lingala,Tshiluba,Swahili","ğŸ‡¨ğŸ‡©","+243"
"Republic of the Congo,Republic of the Congo,RÃ©publique du Congo,RÃ©publique du Congo,Repubilika ya Kongo,Repubilika ya Kongo,RepublÃ­ki ya KongÃ³,RepublÃ­ki ya KongÃ³",".cg","CG","1","+2,42","French,Kikongo,Lingala","ğŸ‡¨ğŸ‡¬","+242"
"Cook Islands,Cook Islands,Cook Islands,Cook Islands,KÅ«ki 'Ä€irani,KÅ«ki 'Ä€irani",".ck","CK","","+6,82","English,Cook Islands MÄori","ğŸ‡¨ğŸ‡°","+682"
"Colombia,Republic of Colombia,RepÃºblica de Colombia,Colombia",".co","CO","1","+5,7","Spanish","ğŸ‡¨ğŸ‡´","+57"
"Comoros,Union of the Comoros,Ø§Ù„Ø§ØªØ­Ø§Ø¯ Ø§Ù„Ù‚Ù…Ø±ÙŠ,Ø§Ù„Ù‚Ù…Ø±â€,Union des Comores,Comores,Udzima wa Komori,Komori",".km","KM","1","+2,69","Arabic,French,Comorian","ğŸ‡°ğŸ‡²","+269"
"Cape Verde,Republic of Cabo Verde,RepÃºblica de Cabo Verde,Cabo Verde",".cv","CV","1","+2,38","Portuguese","ğŸ‡¨ğŸ‡»","+238"
"Costa Rica,Republic of Costa Rica,RepÃºblica de Costa Rica,Costa Rica",".cr","CR","1","+5,06","Spanish","ğŸ‡¨ğŸ‡·","+506"
"Cuba,Republic of Cuba,RepÃºblica de Cuba,Cuba",".cu","CU","1","+5,3","Spanish","ğŸ‡¨ğŸ‡º","+53"
"CuraÃ§ao,Country of CuraÃ§ao,Country of CuraÃ§ao,CuraÃ§ao,Land CuraÃ§ao,CuraÃ§ao,Pais KÃ²rsou,Pais KÃ²rsou",".cw","CW","","+5,99","English,Dutch,Papiamento","ğŸ‡¨ğŸ‡¼","+599"
"Christmas Island,Territory of Christmas Island,Territory of Christmas Island,Christmas Island",".cx","CX","","+6,1","English","ğŸ‡¨ğŸ‡½","+61"
"Cayman Islands,Cayman Islands,Cayman Islands,Cayman Islands",".ky","KY","","+1,345","English","ğŸ‡°ğŸ‡¾","+1345"
"Cyprus,Republic of Cyprus,Î”Î·Î¼Î¿ÎºÏÎ±Ï„Î¯Î± Ï„Î·Ï‚ ÎšÏÏ€ÏÎ¿Ï‚,ÎšÏÏ€ÏÎ¿Ï‚,KÄ±brÄ±s Cumhuriyeti,KÄ±brÄ±s",".cy","CY","1","+3,57","Greek,Turkish","ğŸ‡¨ğŸ‡¾","+357"
"Czechia,Czech Republic,ÄŒeskÃ¡ republika,ÄŒesko,ÄŒeskÃ¡ republika,ÄŒesko",".cz","CZ","1","+4,20","Czech,Slovak","ğŸ‡¨ğŸ‡¿","+420"
"Germany,Federal Republic of Germany,Bundesrepublik Deutschland,Deutschland",".de","DE","1","+4,9","German","ğŸ‡©ğŸ‡ª","+49"
"Djibouti,Republic of Djibouti,Ø¬Ù…Ù‡ÙˆØ±ÙŠØ© Ø¬ÙŠØ¨ÙˆØªÙŠ,Ø¬ÙŠØ¨ÙˆØªÙŠâ€,RÃ©publique de Djibouti,Djibouti",".dj","DJ","1","+2,53","Arabic,French","ğŸ‡©ğŸ‡¯","+253"
"Dominica,Commonwealth of Dominica,Commonwealth of Dominica,Dominica",".dm","DM","1","+1,767","English","ğŸ‡©ğŸ‡²","+1767"
"Denmark,Kingdom of Denmark,Kongeriget Danmark,Danmark",".dk","DK","1","+4,5","Danish","ğŸ‡©ğŸ‡°","+45"
"Dominican Republic,Dominican Republic,RepÃºblica Dominicana,RepÃºblica Dominicana",".do","DO","1","+1,809,829,849","Spanish","ğŸ‡©ğŸ‡´","+1809,+1829,+1849"
"Algeria,People's Democratic Republic of Algeria,Ø§Ù„Ø¬Ù…Ù‡ÙˆØ±ÙŠØ© Ø§Ù„Ø¯ÙŠÙ…Ù‚Ø±Ø§Ø·ÙŠØ© Ø§Ù„Ø´Ø¹Ø¨ÙŠØ© Ø§Ù„Ø¬Ø²Ø§Ø¦Ø±ÙŠØ©,Ø§Ù„Ø¬Ø²Ø§Ø¦Ø±",".dz,Ø§Ù„Ø¬Ø²Ø§Ø¦Ø±.","DZ","1","+2,13","Arabic","ğŸ‡©ğŸ‡¿","+213"
"Ecuador,Republic of Ecuador,RepÃºblica del Ecuador,Ecuador",".ec","EC","1","+5,93","Spanish","ğŸ‡ªğŸ‡¨","+593"
"Egypt,Arab Republic of Egypt,Ø¬Ù…Ù‡ÙˆØ±ÙŠØ© Ù…ØµØ± Ø§Ù„Ø¹Ø±Ø¨ÙŠØ©,Ù…ØµØ±",".eg,.Ù…ØµØ±","EG","1","+2,0","Arabic","ğŸ‡ªğŸ‡¬","+20"
"Eritrea,State of Eritrea,Ø¯ÙˆÙ„Ø© Ø¥Ø±ØªØ±ÙŠØ§,Ø¥Ø±ØªØ±ÙŠØ§â€,State of Eritrea,Eritrea,áˆƒáŒˆáˆ¨ áŠ¤áˆ­á‰µáˆ«,áŠ¤áˆ­á‰µáˆ«",".er","ER","1","+2,91","Arabic,English,Tigrinya","ğŸ‡ªğŸ‡·","+291"
"Western Sahara,Sahrawi Arab Democratic Republic,Sahrawi Arab Democratic Republic,Western Sahara,Ø§Ù„Ø¬Ù…Ù‡ÙˆØ±ÙŠØ© Ø§Ù„Ø¹Ø±Ø¨ÙŠØ© Ø§Ù„ØµØ­Ø±Ø§ÙˆÙŠØ© Ø§Ù„Ø¯ÙŠÙ…Ù‚Ø±Ø§Ø·ÙŠØ©,Ø§Ù„ØµØ­Ø±Ø§Ø¡ Ø§Ù„ØºØ±Ø¨ÙŠØ©,RepÃºblica Ãrabe Saharaui DemocrÃ¡tica,Sahara Occidental",".eh","EH","","+2,125288,125289","Berber,Hassaniya,Spanish","ğŸ‡ªğŸ‡­","+2125288,+2125289"
"Spain,Kingdom of Spain,Reino de EspaÃ±a,EspaÃ±a",".es","ES","1","+3,4","Spanish","ğŸ‡ªğŸ‡¸","+34"
"Estonia,Republic of Estonia,Eesti Vabariik,Eesti",".ee","EE","1","+3,72","Estonian","ğŸ‡ªğŸ‡ª","+372"
"Ethiopia,Federal Democratic Republic of Ethiopia,á‹¨áŠ¢á‰µá‹®áŒµá‹« áŒá‹´áˆ«áˆ‹á‹Š á‹²áˆáŠ­áˆ«áˆ²á‹«á‹Š áˆªáá‰¥áˆŠáŠ­,áŠ¢á‰µá‹®áŒµá‹«",".et","ET","1","+2,51","Amharic","ğŸ‡ªğŸ‡¹","+251"
"Finland,Republic of Finland,Suomen tasavalta,Suomi,Republiken Finland,Finland",".fi","FI","1","+3,58","Finnish,Swedish","ğŸ‡«ğŸ‡®","+358"
"Fiji,Republic of Fiji,Republic of Fiji,Fiji,Matanitu Tugalala o Viti,Viti,à¤°à¤¿à¤ªà¤¬à¥à¤²à¤¿à¤• à¤‘à¤« à¤«à¥€à¤œà¥€,à¤«à¤¿à¤œà¥€",".fj","FJ","1","+6,79","English,Fijian,Fiji Hindi","ğŸ‡«ğŸ‡¯","+679"
"Falkland Islands,Falkland Islands,Falkland Islands,Falkland Islands",".fk","FK","","+5,00","English","ğŸ‡«ğŸ‡°","+500"
"France,French Republic,RÃ©publique franÃ§aise,France",".fr","FR","1","+3,3","French","ğŸ‡«ğŸ‡·","+33"
"Faroe Islands,Faroe Islands,FÃ¦rÃ¸erne,FÃ¦rÃ¸erne,FÃ¸royar,FÃ¸royar",".fo","FO","","+2,98","Danish,Faroese","ğŸ‡«ğŸ‡´","+298"
"Micronesia,Federated States of Micronesia,Federated States of Micronesia,Micronesia",".fm","FM","1","+6,91","English","ğŸ‡«ğŸ‡²","+691"
"Gabon,Gabonese Republic,RÃ©publique gabonaise,Gabon",".ga","GA","1","+2,41","French","ğŸ‡¬ğŸ‡¦","+241"
"United Kingdom,United Kingdom of Great Britain and Northern Ireland,United Kingdom of Great Britain and Northern Ireland,United Kingdom",".uk","GB","1","+4,4","English","ğŸ‡¬ğŸ‡§","+44"
"Georgia,Georgia,áƒ¡áƒáƒ¥áƒáƒ áƒ—áƒ•áƒ”áƒšáƒ,áƒ¡áƒáƒ¥áƒáƒ áƒ—áƒ•áƒ”áƒšáƒ",".ge","GE","1","+9,95","Georgian","ğŸ‡¬ğŸ‡ª","+995"
"Guernsey,Bailiwick of Guernsey,Bailiwick of Guernsey,Guernsey,Bailliage de Guernesey,Guernesey,DgÃ¨rnÃ©siais,DgÃ¨rnÃ©siais",".gg","GG","","+4,4","English,French,GuernÃ©siais","ğŸ‡¬ğŸ‡¬","+44"
"Ghana,Republic of Ghana,Republic of Ghana,Ghana",".gh","GH","1","+2,33","English","ğŸ‡¬ğŸ‡­","+233"
"Gibraltar,Gibraltar,Gibraltar,Gibraltar",".gi","GI","","+3,50","English","ğŸ‡¬ğŸ‡®","+350"
"Guinea,Republic of Guinea,RÃ©publique de GuinÃ©e,GuinÃ©e",".gn","GN","1","+2,24","French","ğŸ‡¬ğŸ‡³","+224"
"Guadeloupe,Guadeloupe,Guadeloupe,Guadeloupe",".gp","GP","","+5,90","French","ğŸ‡¬ğŸ‡µ","+590"
"Gambia,Republic of the Gambia,Republic of the Gambia,Gambia",".gm","GM","1","+2,20","English","ğŸ‡¬ğŸ‡²","+220"
"Guinea-Bissau,Republic of Guinea-Bissau,RepÃºblica da GuinÃ©-Bissau,GuinÃ©-Bissau,RepÃºblica da GuinÃ©-Bissau,GuinÃ©-Bissau",".gw","GW","1","+2,45","Portuguese,Upper Guinea Creole","ğŸ‡¬ğŸ‡¼","+245"
"Equatorial Guinea,Republic of Equatorial Guinea,RÃ©publique de la GuinÃ©e Ã‰quatoriale,GuinÃ©e Ã©quatoriale,RepÃºblica da GuinÃ© Equatorial,GuinÃ© Equatorial,RepÃºblica de Guinea Ecuatorial,Guinea Ecuatorial",".gq","GQ","1","+2,40","French,Portuguese,Spanish","ğŸ‡¬ğŸ‡¶","+240"
"Greece,Hellenic Republic,Î•Î»Î»Î·Î½Î¹ÎºÎ® Î”Î·Î¼Î¿ÎºÏÎ±Ï„Î¯Î±,Î•Î»Î»Î¬Î´Î±",".gr","GR","1","+3,0","Greek","ğŸ‡¬ğŸ‡·","+30"
"Grenada,Grenada,Grenada,Grenada",".gd","GD","1","+1,473","English","ğŸ‡¬ğŸ‡©","+1473"
"Greenland,Greenland,Kalaallit Nunaat,Kalaallit Nunaat",".gl","GL","","+2,99","Greenlandic","ğŸ‡¬ğŸ‡±","+299"
"Guatemala,Republic of Guatemala,RepÃºblica de Guatemala,Guatemala",".gt","GT","1","+5,02","Spanish","ğŸ‡¬ğŸ‡¹","+502"
"French Guiana,Guiana,Guyane,Guyane franÃ§aise",".gf","GF","","+5,94","French","ğŸ‡¬ğŸ‡«","+594"
"Guam,Guam,GuÃ¥hÃ¥n,GuÃ¥hÃ¥n,Guam,Guam,Guam,Guam",".gu","GU","","+1,671","Chamorro,English,Spanish","ğŸ‡¬ğŸ‡º","+1671"
"Guyana,Co-operative Republic of Guyana,Co-operative Republic of Guyana,Guyana",".gy","GY","1","+5,92","English","ğŸ‡¬ğŸ‡¾","+592"
"Hong Kong,Hong Kong Special Administrative Region of the People's Republic of China,Hong Kong Special Administrative Region of the People's Republic of China,Hong Kong,ä¸­åäººæ°‘å…±å’Œå›½é¦™æ¸¯ç‰¹åˆ«è¡Œæ”¿åŒº,é¦™æ¸¯",".hk,.é¦™æ¸¯","HK","","+8,52","English,Chinese","ğŸ‡­ğŸ‡°","+852"
"Heard Island and McDonald Islands,Heard Island and McDonald Islands,Heard Island and McDonald Islands,Heard Island and McDonald Islands",".hm,.aq","HM","","","English","ğŸ‡­ğŸ‡²",""
"Honduras,Republic of Honduras,RepÃºblica de Honduras,Honduras",".hn","HN","1","+5,04","Spanish","ğŸ‡­ğŸ‡³","+504"
"Croatia,Republic of Croatia,Republika Hrvatska,Hrvatska",".hr","HR","1","+3,85","Croatian","ğŸ‡­ğŸ‡·","+385"
"Haiti,Republic of Haiti,RÃ©publique d'HaÃ¯ti,HaÃ¯ti,Repiblik Ayiti,Ayiti",".ht","HT","1","+5,09","French,Haitian Creole","ğŸ‡­ğŸ‡¹","+509"
"Hungary,Hungary,MagyarorszÃ¡g,MagyarorszÃ¡g",".hu","HU","1","+3,6","Hungarian","ğŸ‡­ğŸ‡º","+36"
"Indonesia,Republic of Indonesia,Republik Indonesia,Indonesia",".id","ID","1","+6,2","Indonesian","ğŸ‡®ğŸ‡©","+62"
"Isle of Man,Isle of Man,Isle of Man,Isle of Man,Ellan Vannin or Mannin,Mannin",".im","IM","","+4,4","English,Manx","ğŸ‡®ğŸ‡²","+44"
"India,Republic of India,Republic of India,India,à¤­à¤¾à¤°à¤¤ à¤—à¤£à¤°à¤¾à¤œà¥à¤¯,à¤­à¤¾à¤°à¤¤,à®‡à®¨à¯à®¤à®¿à®¯à®•à¯ à®•à¯à®Ÿà®¿à®¯à®°à®šà¯,à®‡à®¨à¯à®¤à®¿à®¯à®¾",".in","IN","1","+9,1","English,Hindi,Tamil","ğŸ‡®ğŸ‡³","+91"
"British Indian Ocean Territory,British Indian Ocean Territory,British Indian Ocean Territory,British Indian Ocean Territory",".io","IO","","+2,46","English","ğŸ‡®ğŸ‡´","+246"
"Ireland,Republic of Ireland,Republic of Ireland,Ireland,Poblacht na hÃ‰ireann,Ã‰ire",".ie","IE","1","+3,53","English,Irish","ğŸ‡®ğŸ‡ª","+353"
"Iran,Islamic Republic of Iran,Ø¬Ù…Ù‡ÙˆØ±ÛŒ Ø§Ø³Ù„Ø§Ù…ÛŒ Ø§ÛŒØ±Ø§Ù†,Ø§ÛŒØ±Ø§Ù†",".ir,Ø§ÛŒØ±Ø§Ù†.","IR","1","+9,8","Persian (Farsi)","ğŸ‡®ğŸ‡·","+98"
"Iraq,Republic of Iraq,Ø¬Ù…Ù‡ÙˆØ±ÙŠØ© Ø§Ù„Ø¹Ø±Ø§Ù‚,Ø§Ù„Ø¹Ø±Ø§Ù‚,Ü©Ü˜Ü¼Ü›Ü¢ÜµÜ ÜÜÜ¼ÜªÜ²Ü©,Ü©Ü˜Ü¼Ü›Ü¢ÜµÜ,Ú©Û†Ù…Ø§Ø±ÛŒ Ø¹ÛØ±Ø§Ù‚,Ú©Û†Ù…Ø§Ø±ÛŒ",".iq","IQ","1","+9,64","Arabic,Aramaic,Sorani","ğŸ‡®ğŸ‡¶","+964"
"Iceland,Iceland,Ãsland,Ãsland",".is","IS","1","+3,54","Icelandic","ğŸ‡®ğŸ‡¸","+354"
"Israel,State of Israel,Ø¯ÙˆÙ„Ø© Ø¥Ø³Ø±Ø§Ø¦ÙŠÙ„,Ø¥Ø³Ø±Ø§Ø¦ÙŠÙ„,××“×™× ×ª ×™×©×¨××œ,×™×©×¨××œ",".il","IL","1","+9,72","Arabic,Hebrew","ğŸ‡®ğŸ‡±","+972"
"Italy,Italian Republic,Repubblica italiana,Italia",".it","IT","1","+3,9","Italian","ğŸ‡®ğŸ‡¹","+39"
"Jamaica,Jamaica,Jamaica,Jamaica,Jamaica,Jamaica",".jm","JM","1","+1,876","English,Jamaican Patois","ğŸ‡¯ğŸ‡²","+1876"
"Jersey,Bailiwick of Jersey,Bailiwick of Jersey,Jersey,Bailliage de Jersey,Jersey,Bailliage dÃ© JÃ¨rri,JÃ¨rri",".je","JE","","+4,4","English,French,JÃ¨rriais","ğŸ‡¯ğŸ‡ª","+44"
"Jordan,Hashemite Kingdom of Jordan,Ø§Ù„Ù…Ù…Ù„ÙƒØ© Ø§Ù„Ø£Ø±Ø¯Ù†ÙŠØ© Ø§Ù„Ù‡Ø§Ø´Ù…ÙŠØ©,Ø§Ù„Ø£Ø±Ø¯Ù†",".jo,Ø§Ù„Ø§Ø±Ø¯Ù†.","JO","1","+9,62","Arabic","ğŸ‡¯ğŸ‡´","+962"
"Japan,Japan,æ—¥æœ¬,æ—¥æœ¬",".jp,.ã¿ã‚“ãª","JP","1","+8,1","Japanese","ğŸ‡¯ğŸ‡µ","+81"
"Kazakhstan,Republic of Kazakhstan,ÒšĞ°Ğ·Ğ°Ò›ÑÑ‚Ğ°Ğ½ Ğ ĞµÑĞ¿ÑƒĞ±Ğ»Ğ¸ĞºĞ°ÑÑ‹,ÒšĞ°Ğ·Ğ°Ò›ÑÑ‚Ğ°Ğ½,Ğ ĞµÑĞ¿ÑƒĞ±Ğ»Ğ¸ĞºĞ° ĞšĞ°Ğ·Ğ°Ñ…ÑÑ‚Ğ°Ğ½,ĞšĞ°Ğ·Ğ°Ñ…ÑÑ‚Ğ°Ğ½",".kz,.Ò›Ğ°Ğ·","KZ","1","+7,6,7","Kazakh,Russian","ğŸ‡°ğŸ‡¿","+76,+77"
"Kenya,Republic of Kenya,Republic of Kenya,Kenya,Republic of Kenya,Kenya",".ke","KE","1","+2,54","English,Swahili","ğŸ‡°ğŸ‡ª","+254"
"Kyrgyzstan,Kyrgyz Republic,ĞšÑ‹Ñ€Ğ³Ñ‹Ğ· Ğ ĞµÑĞ¿ÑƒĞ±Ğ»Ğ¸ĞºĞ°ÑÑ‹,ĞšÑ‹Ñ€Ğ³Ñ‹Ğ·ÑÑ‚Ğ°Ğ½,ĞšÑ‹Ñ€Ğ³Ñ‹Ğ·ÑĞºĞ°Ñ Ğ ĞµÑĞ¿ÑƒĞ±Ğ»Ğ¸ĞºĞ°,ĞšĞ¸Ñ€Ğ³Ğ¸Ğ·Ğ¸Ñ",".kg","KG","1","+9,96","Kyrgyz,Russian","ğŸ‡°ğŸ‡¬","+996"
"Cambodia,Kingdom of Cambodia,á–áŸ’ášáŸ‡ášá¶á‡á¶áá¶á…á€áŸ’ášá€á˜áŸ’á–á»á‡á¶,KÃ¢mpÅ­chÃ©a",".kh","KH","1","+8,55","Khmer","ğŸ‡°ğŸ‡­","+855"
"Kiribati,Independent and Sovereign Republic of Kiribati,Independent and Sovereign Republic of Kiribati,Kiribati,Ribaberiki Kiribati,Kiribati",".ki","KI","1","+6,86","English,Gilbertese","ğŸ‡°ğŸ‡®","+686"
"Saint Kitts and Nevis,Federation of Saint Christopher and Nevis,Federation of Saint Christopher and Nevis,Saint Kitts and Nevis",".kn","KN","1","+1,869","English","ğŸ‡°ğŸ‡³","+1869"
"South Korea,Republic of Korea,ëŒ€í•œë¯¼êµ­,í•œêµ­",".kr,.í•œêµ­","KR","1","+8,2","Korean","ğŸ‡°ğŸ‡·","+82"
"Kosovo,Republic of Kosovo,Republika e KosovÃ«s,Kosova,Ğ ĞµĞ¿ÑƒĞ±Ğ»Ğ¸ĞºĞ° ĞšĞ¾ÑĞ¾Ğ²Ğ¾,ĞšĞ¾ÑĞ¾Ğ²Ğ¾",".xk","XK","","+3,83","Albanian,Serbian","ğŸ‡½ğŸ‡°","+383"
"Kuwait,State of Kuwait,Ø¯ÙˆÙ„Ø© Ø§Ù„ÙƒÙˆÙŠØª,Ø§Ù„ÙƒÙˆÙŠØª",".kw","KW","1","+9,65","Arabic","ğŸ‡°ğŸ‡¼","+965"
"Laos,Lao People's Democratic Republic,àºªàº²àº—àº²àº¥àº°àº™àº° àºŠàº²àº—àº´àº›àº°à»„àº• àº„àº»àº™àº¥àº²àº§ àº‚àº­àº‡,àºªàº›àº›àº¥àº²àº§",".la","LA","1","+8,56","Lao","ğŸ‡±ğŸ‡¦","+856"
"Lebanon,Lebanese Republic,Ø§Ù„Ø¬Ù…Ù‡ÙˆØ±ÙŠØ© Ø§Ù„Ù„Ø¨Ù†Ø§Ù†ÙŠØ©,Ù„Ø¨Ù†Ø§Ù†,RÃ©publique libanaise,Liban",".lb","LB","1","+9,61","Arabic,French","ğŸ‡±ğŸ‡§","+961"
"Liberia,Republic of Liberia,Republic of Liberia,Liberia",".lr","LR","1","+2,31","English","ğŸ‡±ğŸ‡·","+231"
"Libya,State of Libya,Ø§Ù„Ø¯ÙˆÙ„Ø© Ù„ÙŠØ¨ÙŠØ§,â€Ù„ÙŠØ¨ÙŠØ§",".ly","LY","1","+2,18","Arabic","ğŸ‡±ğŸ‡¾","+218"
"Saint Lucia,Saint Lucia,Saint Lucia,Saint Lucia",".lc","LC","1","+1,758","English","ğŸ‡±ğŸ‡¨","+1758"
"Liechtenstein,Principality of Liechtenstein,FÃ¼rstentum Liechtenstein,Liechtenstein",".li","LI","1","+4,23","German","ğŸ‡±ğŸ‡®","+423"
"Sri Lanka,Democratic Socialist Republic of Sri Lanka,à·à·Šâ€à¶»à·“ à¶½à¶‚à¶šà· à¶´à·Šâ€à¶»à¶¢à·à¶­à·à¶±à·Šà¶­à·Šâ€à¶»à·’à¶š à·ƒà¶¸à·à¶¢à·€à·à¶¯à·“ à¶¢à¶±à¶»à¶¢à¶º,à·à·Šâ€à¶»à·“ à¶½à¶‚à¶šà·à·€,à®‡à®²à®™à¯à®•à¯ˆ à®šà®©à®¨à®¾à®¯à®• à®šà¯‹à®šà®²à®¿à®šà®•à¯ à®•à¯à®Ÿà®¿à®¯à®°à®šà¯,à®‡à®²à®™à¯à®•à¯ˆ",".lk,.à®‡à®²à®™à¯à®•à¯ˆ,.à¶½à¶‚à¶šà·","LK","1","+9,4","Sinhala,Tamil","ğŸ‡±ğŸ‡°","+94"
"Lesotho,Kingdom of Lesotho,Kingdom of Lesotho,Lesotho,Kingdom of Lesotho,Lesotho",".ls","LS","1","+2,66","English,Sotho","ğŸ‡±ğŸ‡¸","+266"
"Lithuania,Republic of Lithuania,Lietuvos Respublikos,Lietuva",".lt","LT","1","+3,70","Lithuanian","ğŸ‡±ğŸ‡¹","+370"
"Luxembourg,Grand Duchy of Luxembourg,GroÃŸherzogtum Luxemburg,Luxemburg,Grand-DuchÃ© de Luxembourg,Luxembourg,Groussherzogtum LÃ«tzebuerg,LÃ«tzebuerg",".lu","LU","1","+3,52","German,French,Luxembourgish","ğŸ‡±ğŸ‡º","+352"
"Latvia,Republic of Latvia,Latvijas Republikas,Latvija",".lv","LV","1","+3,71","Latvian","ğŸ‡±ğŸ‡»","+371"
"Macau,Macao Special Administrative Region of the People's Republic of China,RegiÃ£o Administrativa Especial de Macau da RepÃºblica Popular da China,Macau,ä¸­åäººæ°‘å…±å’Œå›½æ¾³é—¨ç‰¹åˆ«è¡Œæ”¿åŒº,æ¾³é—¨",".mo","MO","","+8,53","Portuguese,Chinese","ğŸ‡²ğŸ‡´","+853"
"Saint Martin,Saint Martin,Saint-Martin,Saint-Martin",".fr,.gp","MF","","+5,90","French","ğŸ‡²ğŸ‡«","+590"
"Morocco,Kingdom of Morocco,Ø§Ù„Ù…Ù…Ù„ÙƒØ© Ø§Ù„Ù…ØºØ±Ø¨ÙŠØ©,Ø§Ù„Ù…ØºØ±Ø¨,âµœâ´°â´³âµâ´·âµ‰âµœ âµ âµâµâµ–âµ”âµ‰â´±,âµâµâ´°âµ–âµ”âµ‰â´±",".ma,Ø§Ù„Ù…ØºØ±Ø¨.","MA","1","+2,12","Arabic,Berber","ğŸ‡²ğŸ‡¦","+212"
"Monaco,Principality of Monaco,PrincipautÃ© de Monaco,Monaco",".mc","MC","1","+3,77","French","ğŸ‡²ğŸ‡¨","+377"
"Moldova,Republic of Moldova,Republica Moldova,Moldova",".md","MD","1","+3,73","Moldavian","ğŸ‡²ğŸ‡©","+373"
"Madagascar,Republic of Madagascar,RÃ©publique de Madagascar,Madagascar,Repoblikan'i Madagasikara,Madagasikara",".mg","MG","1","+2,61","French,Malagasy","ğŸ‡²ğŸ‡¬","+261"
"Maldives,Republic of the Maldives,Ş‹Ş¨ŞˆŞ¬Ş€Ş¨ŞƒŞ§Ş‡Ş°Ş–Ş­ŞŞ¬ Ş–ŞªŞ‰Ş°Ş€Ş«ŞƒŞ¨Ş‡Ş°Ş”Ş§,Ş‹Ş¨ŞˆŞ¬Ş€Ş¨ŞƒŞ§Ş‡Ş°Ş–Ş­ŞŞ¬",".mv","MV","1","+9,60","Maldivian","ğŸ‡²ğŸ‡»","+960"
"Mexico,United Mexican States,Estados Unidos Mexicanos,MÃ©xico",".mx","MX","1","+5,2","Spanish","ğŸ‡²ğŸ‡½","+52"
"Marshall Islands,Republic of the Marshall Islands,Republic of the Marshall Islands,Marshall Islands,Republic of the Marshall Islands,MÌ§ajeÄ¼",".mh","MH","1","+6,92","English,Marshallese","ğŸ‡²ğŸ‡­","+692"
"North Macedonia,Republic of North Macedonia,Ğ ĞµĞ¿ÑƒĞ±Ğ»Ğ¸ĞºĞ° Ğ¡ĞµĞ²ĞµÑ€Ğ½Ğ° ĞœĞ°ĞºĞµĞ´Ğ¾Ğ½Ğ¸Ñ˜Ğ°,ĞœĞ°ĞºĞµĞ´Ğ¾Ğ½Ğ¸Ñ˜Ğ°",".mk","MK","1","+3,89","Macedonian","ğŸ‡²ğŸ‡°","+389"
"Mali,Republic of Mali,RÃ©publique du Mali,Mali",".ml","ML","1","+2,23","French","ğŸ‡²ğŸ‡±","+223"
"Malta,Republic of Malta,Republic of Malta,Malta,Repubblika ta ' Malta,Malta",".mt","MT","1","+3,56","English,Maltese","ğŸ‡²ğŸ‡¹","+356"
"Myanmar,Republic of the Union of Myanmar,á€•á€¼á€Šá€ºá€‘á€±á€¬á€„á€ºá€…á€¯ á€á€™á€¹á€™á€ á€™á€¼á€”á€ºá€™á€¬á€”á€­á€¯á€„á€ºá€„á€¶á€á€±á€¬á€º,á€™á€¼á€”á€ºá€™á€¬",".mm","MM","1","+9,5","Burmese","ğŸ‡²ğŸ‡²","+95"
"Montenegro,Montenegro,Ğ¦Ñ€Ğ½Ğ° Ğ“Ğ¾Ñ€Ğ°,Ğ¦Ñ€Ğ½Ğ° Ğ“Ğ¾Ñ€Ğ°",".me","ME","1","+3,82","Montenegrin","ğŸ‡²ğŸ‡ª","+382"
"Mongolia,Mongolia,ĞœĞ¾Ğ½Ğ³Ğ¾Ğ» ÑƒĞ»Ñ,ĞœĞ¾Ğ½Ğ³Ğ¾Ğ» ÑƒĞ»Ñ",".mn","MN","1","+9,76","Mongolian","ğŸ‡²ğŸ‡³","+976"
"Northern Mariana Islands,Commonwealth of the Northern Mariana Islands,Commonwealth of the Northern Mariana Islands,Northern Mariana Islands,Sankattan Siha Na Islas MariÃ¥nas,Na Islas MariÃ¥nas,Commonwealth of the Northern Mariana Islands,Northern Mariana Islands",".mp","MP","","+1,670","Carolinian,Chamorro,English","ğŸ‡²ğŸ‡µ","+1670"
"Mozambique,Republic of Mozambique,RepÃºblica de MoÃ§ambique,MoÃ§ambique",".mz","MZ","1","+2,58","Portuguese","ğŸ‡²ğŸ‡¿","+258"
"Mauritania,Islamic Republic of Mauritania,Ø§Ù„Ø¬Ù…Ù‡ÙˆØ±ÙŠØ© Ø§Ù„Ø¥Ø³Ù„Ø§Ù…ÙŠØ© Ø§Ù„Ù…ÙˆØ±ÙŠØªØ§Ù†ÙŠØ©,Ù…ÙˆØ±ÙŠØªØ§Ù†ÙŠØ§",".mr","MR","1","+2,22","Arabic","ğŸ‡²ğŸ‡·","+222"
"Montserrat,Montserrat,Montserrat,Montserrat",".ms","MS","","+1,664","English","ğŸ‡²ğŸ‡¸","+1664"
"Martinique,Martinique,Martinique,Martinique",".mq","MQ","","+5,96","French","ğŸ‡²ğŸ‡¶","+596"
"Mauritius,Republic of Mauritius,Republic of Mauritius,Mauritius,RÃ©publique de Maurice,Maurice,Republik Moris,Moris",".mu","MU","1","+2,30","English,French,Mauritian Creole","ğŸ‡²ğŸ‡º","+230"
"Malawi,Republic of Malawi,Republic of Malawi,Malawi,Chalo cha Malawi, Dziko la MalaÅµi,MalaÅµi",".mw","MW","1","+2,65","English,Chewa","ğŸ‡²ğŸ‡¼","+265"
"Malaysia,Malaysia,Malaysia,Malaysia,Ù…Ù„ÙŠØ³ÙŠØ§,Ù…Ù„ÙŠØ³ÙŠØ§",".my","MY","1","+6,0","English,Malay","ğŸ‡²ğŸ‡¾","+60"
"Mayotte,Department of Mayotte,DÃ©partement de Mayotte,Mayotte",".yt","YT","","+2,62","French","ğŸ‡¾ğŸ‡¹","+262"
"Namibia,Republic of Namibia,Republiek van NamibiÃ«,NamibiÃ«,Republik Namibia,Namibia,Republic of Namibia,Namibia,Republic of Namibia,Namibia,Republic of Namibia,Namibia,Republic of Namibia,Namibia,Republic of Namibia,Namibia,Republic of Namibia,Namibia,Lefatshe la Namibia,Namibia",".na","NA","1","+2,64","Afrikaans,German,English,Herero,Khoekhoe,Kwangali,Lozi,Ndonga,Tswana","ğŸ‡³ğŸ‡¦","+264"
"New Caledonia,New Caledonia,Nouvelle-CalÃ©donie,Nouvelle-CalÃ©donie",".nc","NC","","+6,87","French","ğŸ‡³ğŸ‡¨","+687"
"Niger,Republic of Niger,RÃ©publique du Niger,Niger",".ne","NE","1","+2,27","French","ğŸ‡³ğŸ‡ª","+227"
"Norfolk Island,Territory of Norfolk Island,Territory of Norfolk Island,Norfolk Island,Teratri of Norf'k Ailen,Norf'k Ailen",".nf","NF","","+6,72","English,Norfuk","ğŸ‡³ğŸ‡«","+672"
"Nigeria,Federal Republic of Nigeria,Federal Republic of Nigeria,Nigeria",".ng","NG","1","+2,34","English","ğŸ‡³ğŸ‡¬","+234"
"Nicaragua,Republic of Nicaragua,RepÃºblica de Nicaragua,Nicaragua",".ni","NI","1","+5,05","Spanish","ğŸ‡³ğŸ‡®","+505"
"Niue,Niue,Niue,Niue,NiuÄ“,NiuÄ“",".nu","NU","","+6,83","English,Niuean","ğŸ‡³ğŸ‡º","+683"
"Netherlands,Kingdom of the Netherlands,Koninkrijk der Nederlanden,Nederland",".nl","NL","1","+3,1","Dutch","ğŸ‡³ğŸ‡±","+31"
"Norway,Kingdom of Norway,Kongeriket Noreg,Noreg,Kongeriket Norge,Norge,Norgga gonagasriika,Norgga",".no","NO","1","+4,7","Norwegian Nynorsk,Norwegian BokmÃ¥l,Sami","ğŸ‡³ğŸ‡´","+47"
"Nepal,Federal Democratic Republic of Nepal,à¤¨à¥‡à¤ªà¤¾à¤² à¤¸à¤‚à¤˜à¥€à¤¯ à¤²à¥‹à¤•à¤¤à¤¾à¤¨à¥à¤¤à¥à¤°à¤¿à¤• à¤—à¤£à¤¤à¤¨à¥à¤¤à¥à¤°,à¤¨à¥‡à¤ªà¤¾à¤²",".np","NP","1","+9,77","Nepali","ğŸ‡³ğŸ‡µ","+977"
"Nauru,Republic of Nauru,Republic of Nauru,Nauru,Republic of Nauru,Nauru",".nr","NR","1","+6,74","English,Nauru","ğŸ‡³ğŸ‡·","+674"
"New Zealand,New Zealand,New Zealand,New Zealand,Aotearoa,Aotearoa,New Zealand,New Zealand",".nz","NZ","1","+6,4","English,MÄori,New Zealand Sign Language","ğŸ‡³ğŸ‡¿","+64"
"Oman,Sultanate of Oman,Ø³Ù„Ø·Ù†Ø© Ø¹Ù…Ø§Ù†,Ø¹Ù…Ø§Ù†",".om","OM","1","+9,68","Arabic","ğŸ‡´ğŸ‡²","+968"
"Pakistan,Islamic Republic of Pakistan,Islamic Republic of Pakistan,Pakistan,Ø§Ø³Ù„Ø§Ù…ÛŒ Ø¬Ù…ÛÙˆØ±ÛŒÛ‚ Ù¾Ø§ÙƒØ³ØªØ§Ù†,Ù¾Ø§ÙƒØ³ØªØ§Ù†",".pk","PK","1","+9,2","English,Urdu","ğŸ‡µğŸ‡°","+92"
"Panama,Republic of Panama,RepÃºblica de PanamÃ¡,PanamÃ¡",".pa","PA","1","+5,07","Spanish","ğŸ‡µğŸ‡¦","+507"
"Pitcairn Islands,Pitcairn Group of Islands,Pitcairn Group of Islands,Pitcairn Islands",".pn","PN","","+6,4","English","ğŸ‡µğŸ‡³","+64"
"Peru,Republic of Peru,Piruw Suyu,Piruw,Piruw Ripuwlika,Piruw,RepÃºblica del PerÃº,PerÃº",".pe","PE","1","+5,1","Aymara,Quechua,Spanish","ğŸ‡µğŸ‡ª","+51"
"Philippines,Republic of the Philippines,Republic of the Philippines,Philippines,Republic of the Philippines,Pilipinas",".ph","PH","1","+6,3","English,Filipino","ğŸ‡µğŸ‡­","+63"
"Palau,Republic of Palau,Republic of Palau,Palau,Beluu er a Belau,Belau",".pw","PW","1","+6,80","English,Palauan","ğŸ‡µğŸ‡¼","+680"
"Papua New Guinea,Independent State of Papua New Guinea,Independent State of Papua New Guinea,Papua New Guinea,Independen Stet bilong Papua Niugini,Papua Niu Gini,Independen Stet bilong Papua Niugini,Papua Niugini",".pg","PG","1","+6,75","English,Hiri Motu,Tok Pisin","ğŸ‡µğŸ‡¬","+675"
"Poland,Republic of Poland,Rzeczpospolita Polska,Polska",".pl","PL","1","+4,8","Polish","ğŸ‡µğŸ‡±","+48"
"Puerto Rico,Commonwealth of Puerto Rico,Commonwealth of Puerto Rico,Puerto Rico,Estado Libre Asociado de Puerto Rico,Puerto Rico",".pr","PR","","+1,787,939","English,Spanish","ğŸ‡µğŸ‡·","+1787,+1939"
"North Korea,Democratic People's Republic of Korea,ì¡°ì„ ë¯¼ì£¼ì£¼ì˜ì¸ë¯¼ê³µí™”êµ­,ì¡°ì„ ",".kp","KP","1","+8,50","Korean","ğŸ‡°ğŸ‡µ","+850"
"Portugal,Portuguese Republic,RepÃºblica portuguÃªs,Portugal",".pt","PT","1","+3,51","Portuguese","ğŸ‡µğŸ‡¹","+351"
"Paraguay,Republic of Paraguay,TetÃ£ ParaguÃ¡i,ParaguÃ¡i,RepÃºblica de Paraguay,Paraguay",".py","PY","1","+5,95","GuaranÃ­,Spanish","ğŸ‡µğŸ‡¾","+595"
"Palestine,State of Palestine,Ø¯ÙˆÙ„Ø© ÙÙ„Ø³Ø·ÙŠÙ†,ÙÙ„Ø³Ø·ÙŠÙ†",".ps,ÙÙ„Ø³Ø·ÙŠÙ†.","PS","","+9,70","Arabic","ğŸ‡µğŸ‡¸","+970"
"French Polynesia,French Polynesia,PolynÃ©sie franÃ§aise,PolynÃ©sie franÃ§aise",".pf","PF","","+6,89","French","ğŸ‡µğŸ‡«","+689"
"Qatar,State of Qatar,Ø¯ÙˆÙ„Ø© Ù‚Ø·Ø±,Ù‚Ø·Ø±",".qa,Ù‚Ø·Ø±.","QA","1","+9,74","Arabic","ğŸ‡¶ğŸ‡¦","+974"
"RÃ©union,RÃ©union Island,Ile de la RÃ©union,La RÃ©union",".re","RE","","+2,62","French","ğŸ‡·ğŸ‡ª","+262"
"Romania,Romania,RomÃ¢nia,RomÃ¢nia",".ro","RO","1","+4,0","Romanian","ğŸ‡·ğŸ‡´","+40"
"Russia,Russian Federation,Ğ Ğ¾ÑÑĞ¸Ğ¹ÑĞºĞ°Ñ Ğ¤ĞµĞ´ĞµÑ€Ğ°Ñ†Ğ¸Ñ,Ğ Ğ¾ÑÑĞ¸Ñ",".ru,.su,.Ñ€Ñ„","RU","1","+7,3,4,5,8,9","Russian","ğŸ‡·ğŸ‡º","+73,+74,+75,+78,+79"
"Rwanda,Republic of Rwanda,Republic of Rwanda,Rwanda,RÃ©publique rwandaise,Rwanda,Repubulika y'u Rwanda,Rwanda",".rw","RW","1","+2,50","English,French,Kinyarwanda","ğŸ‡·ğŸ‡¼","+250"
"Saudi Arabia,Kingdom of Saudi Arabia,Ø§Ù„Ù…Ù…Ù„ÙƒØ© Ø§Ù„Ø¹Ø±Ø¨ÙŠØ© Ø§Ù„Ø³Ø¹ÙˆØ¯ÙŠØ©,Ø§Ù„Ø¹Ø±Ø¨ÙŠØ© Ø§Ù„Ø³Ø¹ÙˆØ¯ÙŠØ©",".sa,.Ø§Ù„Ø³Ø¹ÙˆØ¯ÙŠØ©","SA","1","+9,66","Arabic","ğŸ‡¸ğŸ‡¦","+966"
"Sudan,Republic of the Sudan,Ø¬Ù…Ù‡ÙˆØ±ÙŠØ© Ø§Ù„Ø³ÙˆØ¯Ø§Ù†,Ø§Ù„Ø³ÙˆØ¯Ø§Ù†,Republic of the Sudan,Sudan",".sd","SD","1","+2,49","Arabic,English","ğŸ‡¸ğŸ‡©","+249"
"Senegal,Republic of Senegal,RÃ©publique du SÃ©nÃ©gal,SÃ©nÃ©gal",".sn","SN","1","+2,21","French","ğŸ‡¸ğŸ‡³","+221"
"Singapore,Republic of Singapore,æ–°åŠ å¡å…±å’Œå›½,æ–°åŠ å¡,Republic of Singapore,Singapore,Republik Singapura,Singapura,à®šà®¿à®™à¯à®•à®ªà¯à®ªà¯‚à®°à¯ à®•à¯à®Ÿà®¿à®¯à®°à®šà¯,à®šà®¿à®™à¯à®•à®ªà¯à®ªà¯‚à®°à¯",".sg,.æ–°åŠ å¡,.à®šà®¿à®™à¯à®•à®ªà¯à®ªà¯‚à®°à¯","SG","1","+6,5","Chinese,English,Malay,Tamil","ğŸ‡¸ğŸ‡¬","+65"
"South Georgia,South Georgia and the South Sandwich Islands,South Georgia and the South Sandwich Islands,South Georgia",".gs","GS","","+5,00","English","ğŸ‡¬ğŸ‡¸","+500"
"Svalbard and Jan Mayen,Svalbard og Jan Mayen,Svalbard og Jan Mayen,Svalbard og Jan Mayen",".sj","SJ","","+4,779","Norwegian","ğŸ‡¸ğŸ‡¯","+4779"
"Solomon Islands,Solomon Islands,Solomon Islands,Solomon Islands",".sb","SB","1","+6,77","English","ğŸ‡¸ğŸ‡§","+677"
"Sierra Leone,Republic of Sierra Leone,Republic of Sierra Leone,Sierra Leone",".sl","SL","1","+2,32","English","ğŸ‡¸ğŸ‡±","+232"
"El Salvador,Republic of El Salvador,RepÃºblica de El Salvador,El Salvador",".sv","SV","1","+5,03","Spanish","ğŸ‡¸ğŸ‡»","+503"
"San Marino,Most Serene Republic of San Marino,Serenissima Repubblica di San Marino,San Marino",".sm","SM","1","+3,78","Italian","ğŸ‡¸ğŸ‡²","+378"
"Somalia,Federal Republic of Somalia,Ø¬Ù…Ù‡ÙˆØ±ÙŠØ© Ø§Ù„ØµÙˆÙ…Ø§Ù„â€â€,Ø§Ù„ØµÙˆÙ…Ø§Ù„â€â€,Jamhuuriyadda Federaalka Soomaaliya,Soomaaliya",".so","SO","1","+2,52","Arabic,Somali","ğŸ‡¸ğŸ‡´","+252"
"Saint Pierre and Miquelon,Saint Pierre and Miquelon,CollectivitÃ© territoriale de Saint-Pierre-et-Miquelon,Saint-Pierre-et-Miquelon",".pm","PM","","+5,08","French","ğŸ‡µğŸ‡²","+508"
"Serbia,Republic of Serbia,Ğ ĞµĞ¿ÑƒĞ±Ğ»Ğ¸ĞºĞ° Ğ¡Ñ€Ğ±Ğ¸Ñ˜Ğ°,Ğ¡Ñ€Ğ±Ğ¸Ñ˜Ğ°",".rs,.ÑÑ€Ğ±","RS","1","+3,81","Serbian","ğŸ‡·ğŸ‡¸","+381"
"South Sudan,Republic of South Sudan,Republic of South Sudan,South Sudan",".ss","SS","1","+2,11","English","ğŸ‡¸ğŸ‡¸","+211"
"SÃ£o TomÃ© and PrÃ­ncipe,Democratic Republic of SÃ£o TomÃ© and PrÃ­ncipe,RepÃºblica DemocrÃ¡tica do SÃ£o TomÃ© e PrÃ­ncipe,SÃ£o TomÃ© e PrÃ­ncipe",".st","ST","1","+2,39","Portuguese","ğŸ‡¸ğŸ‡¹","+239"
"Suriname,Republic of Suriname,Republiek Suriname,Suriname",".sr","SR","1","+5,97","Dutch","ğŸ‡¸ğŸ‡·","+597"
"Slovakia,Slovak Republic,SlovenskÃ¡ republika,Slovensko",".sk","SK","1","+4,21","Slovak","ğŸ‡¸ğŸ‡°","+421"
"Slovenia,Republic of Slovenia,Republika Slovenija,Slovenija",".si","SI","1","+3,86","Slovene","ğŸ‡¸ğŸ‡®","+386"
"Sweden,Kingdom of Sweden,Konungariket Sverige,Sverige",".se","SE","1","+4,6","Swedish","ğŸ‡¸ğŸ‡ª","+46"
"Eswatini,Kingdom of Eswatini,Kingdom of Eswatini,Eswatini,Umbuso weSwatini,eSwatini",".sz","SZ","1","+2,68","English,Swazi","ğŸ‡¸ğŸ‡¿","+268"
"Sint Maarten,Sint Maarten,Sint Maarten,Sint Maarten,Saint-Martin,Saint-Martin,Sint Maarten,Sint Maarten",".sx","SX","","+1,721","English,French,Dutch","ğŸ‡¸ğŸ‡½","+1721"
"Seychelles,Republic of Seychelles,Repiblik Sesel,Sesel,Republic of Seychelles,Seychelles,RÃ©publique des Seychelles,Seychelles",".sc","SC","1","+2,48","Seychellois Creole,English,French","ğŸ‡¸ğŸ‡¨","+248"
"Syria,Syrian Arab Republic,Ø§Ù„Ø¬Ù…Ù‡ÙˆØ±ÙŠØ© Ø§Ù„Ø¹Ø±Ø¨ÙŠØ© Ø§Ù„Ø³ÙˆØ±ÙŠØ©,Ø³ÙˆØ±ÙŠØ§",".sy,Ø³ÙˆØ±ÙŠØ§.","SY","1","+9,63","Arabic","ğŸ‡¸ğŸ‡¾","+963"
"Turks and Caicos Islands,Turks and Caicos Islands,Turks and Caicos Islands,Turks and Caicos Islands",".tc","TC","","+1,649","English","ğŸ‡¹ğŸ‡¨","+1649"
"Chad,Republic of Chad,Ø¬Ù…Ù‡ÙˆØ±ÙŠØ© ØªØ´Ø§Ø¯,ØªØ´Ø§Ø¯â€,RÃ©publique du Tchad,Tchad",".td","TD","1","+2,35","Arabic,French","ğŸ‡¹ğŸ‡©","+235"
"Togo,Togolese Republic,RÃ©publique togolaise,Togo",".tg","TG","1","+2,28","French","ğŸ‡¹ğŸ‡¬","+228"
"Thailand,Kingdom of Thailand,à¸£à¸²à¸Šà¸­à¸²à¸“à¸²à¸ˆà¸±à¸à¸£à¹„à¸—à¸¢,à¸›à¸£à¸°à¹€à¸—à¸¨à¹„à¸—à¸¢",".th,.à¹„à¸—à¸¢","TH","1","+6,6","Thai","ğŸ‡¹ğŸ‡­","+66"
"Tajikistan,Republic of Tajikistan,Ğ ĞµÑĞ¿ÑƒĞ±Ğ»Ğ¸ĞºĞ° Ğ¢Ğ°Ğ´Ğ¶Ğ¸ĞºĞ¸ÑÑ‚Ğ°Ğ½,Ğ¢Ğ°Ğ´Ğ¶Ğ¸ĞºĞ¸ÑÑ‚Ğ°Ğ½,Ò¶ÑƒĞ¼Ò³ÑƒÑ€Ğ¸Ğ¸ Ğ¢Ğ¾Ò·Ğ¸ĞºĞ¸ÑÑ‚Ğ¾Ğ½,Ğ¢Ğ¾Ò·Ğ¸ĞºĞ¸ÑÑ‚Ğ¾Ğ½",".tj","TJ","1","+9,92","Russian,Tajik","ğŸ‡¹ğŸ‡¯","+992"
"Tokelau,Tokelau,Tokelau,Tokelau,Tokelau,Tokelau,Tokelau,Tokelau",".tk","TK","","+6,90","English,Samoan,Tokelauan","ğŸ‡¹ğŸ‡°","+690"
"Turkmenistan,Turkmenistan,Ğ¢ÑƒÑ€ĞºĞ¼ĞµĞ½Ğ¸ÑÑ‚Ğ°Ğ½,Ğ¢ÑƒÑ€ĞºĞ¼ĞµĞ½Ğ¸Ñ,TÃ¼rkmenistan,TÃ¼rkmenistan",".tm","TM","1","+9,93","Russian,Turkmen","ğŸ‡¹ğŸ‡²","+993"
"Timor-Leste,Democratic Republic of Timor-Leste,RepÃºblica DemocrÃ¡tica de Timor-Leste,Timor-Leste,RepÃºblika DemokrÃ¡tika TimÃ³r-Leste,TimÃ³r-Leste",".tl","TL","1","+6,70","Portuguese,Tetum","ğŸ‡¹ğŸ‡±","+670"
"Tonga,Kingdom of Tonga,Kingdom of Tonga,Tonga,Kingdom of Tonga,Tonga",".to","TO","1","+6,76","English,Tongan","ğŸ‡¹ğŸ‡´","+676"
"Trinidad and Tobago,Republic of Trinidad and Tobago,Republic of Trinidad and Tobago,Trinidad and Tobago",".tt","TT","1","+1,868","English","ğŸ‡¹ğŸ‡¹","+1868"
"Tunisia,Tunisian Republic,Ø§Ù„Ø¬Ù…Ù‡ÙˆØ±ÙŠØ© Ø§Ù„ØªÙˆÙ†Ø³ÙŠØ©,ØªÙˆÙ†Ø³",".tn","TN","1","+2,16","Arabic","ğŸ‡¹ğŸ‡³","+216"
"Turkey,Republic of Turkey,TÃ¼rkiye Cumhuriyeti,TÃ¼rkiye",".tr","TR","1","+9,0","Turkish","ğŸ‡¹ğŸ‡·","+90"
"Tuvalu,Tuvalu,Tuvalu,Tuvalu,Tuvalu,Tuvalu",".tv","TV","1","+6,88","English,Tuvaluan","ğŸ‡¹ğŸ‡»","+688"
"Taiwan,Republic of China (Taiwan),ä¸­è¯æ°‘åœ‹,å°ç£",".tw,.å°ç£,.å°æ¹¾","TW","","+8,86","Chinese","ğŸ‡¹ğŸ‡¼","+886"
"Tanzania,United Republic of Tanzania,United Republic of Tanzania,Tanzania,Jamhuri ya Muungano wa Tanzania,Tanzania",".tz","TZ","1","+2,55","English,Swahili","ğŸ‡¹ğŸ‡¿","+255"
"Uganda,Republic of Uganda,Republic of Uganda,Uganda,Republic of Uganda,Uganda",".ug","UG","1","+2,56","English,Swahili","ğŸ‡ºğŸ‡¬","+256"
"Ukraine,Ukraine,Ğ£ĞºÑ€Ğ°Ñ—Ğ½Ğ°,Ğ£ĞºÑ€Ğ°Ñ—Ğ½Ğ°",".ua,.ÑƒĞºÑ€","UA","1","+3,80","Ukrainian","ğŸ‡ºğŸ‡¦","+380"
"United States Minor Outlying Islands,United States Minor Outlying Islands,United States Minor Outlying Islands,United States Minor Outlying Islands",".us","UM","","+2,68","English","ğŸ‡ºğŸ‡²","+268"
"Uruguay,Oriental Republic of Uruguay,RepÃºblica Oriental del Uruguay,Uruguay",".uy","UY","1","+5,98","Spanish","ğŸ‡ºğŸ‡¾","+598"
"United States,United States of America,United States of America,United States",".us","US","1","+1,201,202,203,205,206,207,208,209,210,212,213,214,215,216,217,218,219,220,223,224,225,227,228,229,231,234,239,240,248,251,252,253,254,256,260,262,267,269,270,272,274,276,279,281,283,301,302,303,304,305,307,308,309,310,312,313,314,315,316,317,318,319,320,321,323,325,326,327,330,331,332,334,336,337,339,341,346,347,351,352,360,361,364,380,385,386,401,402,404,405,406,407,408,409,410,412,413,414,415,417,419,423,424,425,430,432,434,435,440,442,443,445,447,448,458,463,464,469,470,475,478,479,480,484,500,501,502,503,504,505,507,508,509,510,512,513,515,516,517,518,520,521,522,523,524,525,526,527,528,529,530,531,532,533,534,535,538,539,540,541,542,543,544,545,546,547,549,550,551,552,553,554,556,557,558,559,561,562,563,564,566,567,569,570,571,572,573,574,575,577,578,580,582,585,586,588,589,601,602,603,605,606,607,608,609,610,612,614,615,616,617,618,619,620,623,626,628,629,630,631,636,640,641,646,650,651,656,657,659,660,661,662,667,669,678,679,680,681,682,689,700,701,702,703,704,706,707,708,710,712,713,714,715,716,717,718,719,720,724,725,726,727,730,731,732,734,737,740,743,747,754,757,760,762,763,765,769,770,771,772,773,774,775,779,781,785,786,801,802,803,804,805,806,808,810,812,813,814,815,816,817,818,820,826,828,830,831,832,838,839,840,843,845,847,848,850,854,856,857,858,859,860,862,863,864,865,870,872,878,901,903,904,906,907,908,909,910,912,913,914,915,916,917,918,919,920,925,928,929,930,931,934,936,937,938,940,941,943,945,947,948,949,951,952,954,956,959,970,971,972,973,975,978,979,980,983,984,985,986,989","English","ğŸ‡ºğŸ‡¸","+1201,+1202,+1203,+1205,+1206,+1207,+1208,+1209,+1210,+1212,+1213,+1214,+1215,+1216,+1217,+1218,+1219,+1220,+1223,+1224,+1225,+1227,+1228,+1229,+1231,+1234,+1239,+1240,+1248,+1251,+1252,+1253,+1254,+1256,+1260,+1262,+1267,+1269,+1270,+1272,+1274,+1276,+1279,+1281,+1283,+1301,+1302,+1303,+1304,+1305,+1307,+1308,+1309,+1310,+1312,+1313,+1314,+1315,+1316,+1317,+1318,+1319,+1320,+1321,+1323,+1325,+1326,+1327,+1330,+1331,+1332,+1334,+1336,+1337,+1339,+1341,+1346,+1347,+1351,+1352,+1360,+1361,+1364,+1380,+1385,+1386,+1401,+1402,+1404,+1405,+1406,+1407,+1408,+1409,+1410,+1412,+1413,+1414,+1415,+1417,+1419,+1423,+1424,+1425,+1430,+1432,+1434,+1435,+1440,+1442,+1443,+1445,+1447,+1448,+1458,+1463,+1464,+1469,+1470,+1475,+1478,+1479,+1480,+1484,+1500,+1501,+1502,+1503,+1504,+1505,+1507,+1508,+1509,+1510,+1512,+1513,+1515,+1516,+1517,+1518,+1520,+1521,+1522,+1523,+1524,+1525,+1526,+1527,+1528,+1529,+1530,+1531,+1532,+1533,+1534,+1535,+1538,+1539,+1540,+1541,+1542,+1543,+1544,+1545,+1546,+1547,+1549,+1550,+1551,+1552,+1553,+1554,+1556,+1557,+1558,+1559,+1561,+1562,+1563,+1564,+1566,+1567,+1569,+1570,+1571,+1572,+1573,+1574,+1575,+1577,+1578,+1580,+1582,+1585,+1586,+1588,+1589,+1601,+1602,+1603,+1605,+1606,+1607,+1608,+1609,+1610,+1612,+1614,+1615,+1616,+1617,+1618,+1619,+1620,+1623,+1626,+1628,+1629,+1630,+1631,+1636,+1640,+1641,+1646,+1650,+1651,+1656,+1657,+1659,+1660,+1661,+1662,+1667,+1669,+1678,+1679,+1680,+1681,+1682,+1689,+1700,+1701,+1702,+1703,+1704,+1706,+1707,+1708,+1710,+1712,+1713,+1714,+1715,+1716,+1717,+1718,+1719,+1720,+1724,+1725,+1726,+1727,+1730,+1731,+1732,+1734,+1737,+1740,+1743,+1747,+1754,+1757,+1760,+1762,+1763,+1765,+1769,+1770,+1771,+1772,+1773,+1774,+1775,+1779,+1781,+1785,+1786,+1801,+1802,+1803,+1804,+1805,+1806,+1808,+1810,+1812,+1813,+1814,+1815,+1816,+1817,+1818,+1820,+1826,+1828,+1830,+1831,+1832,+1838,+1839,+1840,+1843,+1845,+1847,+1848,+1850,+1854,+1856,+1857,+1858,+1859,+1860,+1862,+1863,+1864,+1865,+1870,+1872,+1878,+1901,+1903,+1904,+1906,+1907,+1908,+1909,+1910,+1912,+1913,+1914,+1915,+1916,+1917,+1918,+1919,+1920,+1925,+1928,+1929,+1930,+1931,+1934,+1936,+1937,+1938,+1940,+1941,+1943,+1945,+1947,+1948,+1949,+1951,+1952,+1954,+1956,+1959,+1970,+1971,+1972,+1973,+1975,+1978,+1979,+1980,+1983,+1984,+1985,+1986,+1989"
"Uzbekistan,Republic of Uzbekistan,Ğ ĞµÑĞ¿ÑƒĞ±Ğ»Ğ¸ĞºĞ° Ğ£Ğ·Ğ±ĞµĞºĞ¸ÑÑ‚Ğ°Ğ½,Ğ£Ğ·Ğ±ĞµĞºĞ¸ÑÑ‚Ğ°Ğ½,O'zbekiston Respublikasi,Oâ€˜zbekiston",".uz","UZ","1","+9,98","Russian,Uzbek","ğŸ‡ºğŸ‡¿","+998"
"Vatican City,Vatican City State,Stato della CittÃ  del Vaticano,Vaticano,Status Civitatis VaticanÃ¦,VaticanÃ¦",".va","VA","1","+3,906698,79","Italian,Latin","ğŸ‡»ğŸ‡¦","+3906698,+379"
"Saint Vincent and the Grenadines,Saint Vincent and the Grenadines,Saint Vincent and the Grenadines,Saint Vincent and the Grenadines",".vc","VC","1","+1,784","English","ğŸ‡»ğŸ‡¨","+1784"
"Venezuela,Bolivarian Republic of Venezuela,RepÃºblica Bolivariana de Venezuela,Venezuela",".ve","VE","1","+5,8","Spanish","ğŸ‡»ğŸ‡ª","+58"
"British Virgin Islands,Virgin Islands,Virgin Islands,British Virgin Islands",".vg","VG","","+1,284","English","ğŸ‡»ğŸ‡¬","+1284"
"United States Virgin Islands,Virgin Islands of the United States,Virgin Islands of the United States,United States Virgin Islands",".vi","VI","","+1,340","English","ğŸ‡»ğŸ‡®","+1340"
"Vietnam,Socialist Republic of Vietnam,Cá»™ng hÃ²a xÃ£ há»™i chá»§ nghÄ©a Viá»‡t Nam,Viá»‡t Nam",".vn","VN","1","+8,4","Vietnamese","ğŸ‡»ğŸ‡³","+84"
"Vanuatu,Republic of Vanuatu,Ripablik blong Vanuatu,Vanuatu,Republic of Vanuatu,Vanuatu,RÃ©publique de Vanuatu,Vanuatu",".vu","VU","1","+6,78","Bislama,English,French","ğŸ‡»ğŸ‡º","+678"
"Wallis and Futuna,Territory of the Wallis and Futuna Islands,Territoire des Ã®les Wallis et Futuna,Wallis et Futuna",".wf","WF","","+6,81","French","ğŸ‡¼ğŸ‡«","+681"
"Samoa,Independent State of Samoa,Independent State of Samoa,Samoa,Malo SaÊ»oloto TutoÊ»atasi o SÄmoa,SÄmoa",".ws","WS","1","+6,85","English,Samoan","ğŸ‡¼ğŸ‡¸","+685"
"Yemen,Republic of Yemen,Ø§Ù„Ø¬Ù…Ù‡ÙˆØ±ÙŠØ© Ø§Ù„ÙŠÙ…Ù†ÙŠØ©,Ø§Ù„ÙŠÙÙ…ÙÙ†",".ye","YE","1","+9,67","Arabic","ğŸ‡¾ğŸ‡ª","+967"
"South Africa,Republic of South Africa,Republiek van Suid-Afrika,South Africa,Republic of South Africa,South Africa,IRiphabliki yeSewula Afrika,Sewula Afrika,Rephaboliki ya Afrika-Borwa ,Afrika-Borwa,Rephaboliki ya Afrika Borwa,Afrika Borwa,IRiphabhulikhi yeNingizimu Afrika,Ningizimu Afrika,Rephaboliki ya Aforika Borwa,Aforika Borwa,Riphabliki ra Afrika Dzonga,Afrika Dzonga,Riphabuá¸½iki ya Afurika Tshipembe,Afurika Tshipembe,IRiphabliki yaseMzantsi Afrika,Mzantsi Afrika,IRiphabliki yaseNingizimu Afrika,Ningizimu Afrika",".za","ZA","1","+2,7","Afrikaans,English,Southern Ndebele,Northern Sotho,Southern Sotho,Swazi,Tswana,Tsonga,Venda,Xhosa,Zulu","ğŸ‡¿ğŸ‡¦","+27"
"Zambia,Republic of Zambia,Republic of Zambia,Zambia",".zm","ZM","1","+2,60","English","ğŸ‡¿ğŸ‡²","+260"
"Zimbabwe,Republic of Zimbabwe,Republic of Zimbabwe,Zimbabwe,Republic of Zimbabwe,Zimbabwe,Republic of Zimbabwe,Zimbabwe,Republic of Zimbabwe,Zimbabwe,Republic of Zimbabwe,Zimbabwe,Republic of Zimbabwe,Zimbabwe,Republic of Zimbabwe,Zimbabwe,Republic of Zimbabwe,Zimbabwe,Republic of Zimbabwe,Zimbabwe,Republic of Zimbabwe,Zimbabwe,Republic of Zimbabwe,Zimbabwe,Republic of Zimbabwe,Zimbabwe,Republic of Zimbabwe,Zimbabwe,Republic of Zimbabwe,Zimbabwe,Republic of Zimbabwe,Zimbabwe",".zw","ZW","1","+2,63","Chibarwe,English,Kalanga,Khoisan,Ndau,Northern Ndebele,Chewa,Shona,Sotho,Tonga,Tswana,Tsonga,Venda,Xhosa,Zimbabwean Sign Language","ğŸ‡¿ğŸ‡¼","+263"
